{"check_surface": true, "inlet": [-12.01746264043844, 8.696904092464807, -4.675547878697233], "inlet_area": 0.22123540150396817, "outlet0": [-13.77608565066723, 6.099946235088592, -9.355731538001526], "outlet0_area": 0.04662888285288285, "outlet1": [-10.419248030735897, 6.590410241713891, -4.974489166186406], "outlet1_area": 0.08181981107282006, "outlet2": [-10.567880996068318, 4.559770472844442, -7.1903024593989056], "outlet2_area": 0.01308420132722627, "outlet3": [-13.005399744561378, 4.9419937438153205, -8.183656570759226], "outlet3_area": 0.11581746569368656, "outlet4": [-13.463952541351318, 7.783290878931681, -10.927614672978718], "outlet4_area": 0.015231835527608262, "outlet5": [-14.537813758850097, 9.247795661290487, -7.630162700017293], "outlet5_area": 0.014241541847182713, "outlet6": [-12.88706733385722, 7.111975471178691, -10.809956916173299], "outlet6_area": 0.021763244695146254}